Species_Lookup,PITNumber,Date_Lookup,Date,Time,Site,HabitatType,UnitNumber,Survey,Comments
COHO SALMON,3DD.003C068D9B,6/7/18,6/7/18,12:15:46,POR 1,POOL,18.5,EF,334
COHO SALMON,3DD.003C068D9B,6/7/18,6/8/18,13:28:21,POR 1.73,(blank),(blank),ANT,(blank)
COHO SALMON,3DD.003C068D9B,6/7/18,6/12/18,19:57:09,POR 1.73,(blank),(blank),ANT,(blank)
COHO SALMON,3DD.003C068DA1,6/7/18,6/7/18,12:44:11,POR 1,POOL,18.5,EF,350
COHO SALMON,3DD.003C068DA1,6/7/18,6/8/18,13:42:22,POR 1.73,(blank),(blank),ANT,(blank)
COHO SALMON,3DD.003C068DA1,6/7/18,6/8/18,20:35:26,POR 1.73,(blank),(blank),ANT,(blank)
COHO SALMON,3DD.003C068DF4,6/7/18,6/7/18,12:23:43,POR 1,POOL,18.5,EF,336
COHO SALMON,3DD.003C068DF4,6/7/18,6/8/18,13:35:47,POR 1.73,(blank),(blank),ANT,(blank)
COHO SALMON,3DD.003C068DF4,6/7/18,6/9/18,5:15:51,POR 1.73,(blank),(blank),ANT,(blank)
COHO SALMON,3DD.003C06A7C6,6/7/18,6/7/18,11:14:57,POR 1,POOL,18.6000003814697,EF,328
COHO SALMON,3DD.003C06A7C6,6/7/18,6/8/18,9:44:18,POR 1.59,(blank),(blank),ANT,(blank)
COHO SALMON,3DD.003C06A7C6,6/7/18,6/8/18,20:50:04,POR 1.59,(blank),(blank),ANT,(blank)
COHO SALMON,3DD.003C06A7C6,6/7/18,6/9/18,5:38:48,POR 1.59,(blank),(blank),ANT,(blank)
COHO SALMON,3DD.003C06A7C6,6/7/18,6/9/18,20:01:33,POR 1.59,(blank),(blank),ANT,(blank)
COHO SALMON,3DD.003C06A7C6,6/7/18,6/10/18,6:02:26,POR 1.59,(blank),(blank),ANT,(blank)
COHO SALMON,3DD.003C06A7C6,6/7/18,6/10/18,18:26:03,POR 1.59,(blank),(blank),ANT,(blank)
COHO SALMON,3DD.003C06A7C6,6/7/18,7/17/18,12:45:39,POR 1,-9999,18.6,EF,(blank)
COHO SALMON,3DD.003C06A7C6,6/7/18,7/18/18,5:42:18,POR 1.59,(blank),(blank),ANT,(blank)
COHO SALMON,3DD.003C06A7D1,6/6/18,6/6/18,11:18:52,POR 1,-9999,18.8,EF,(blank)
COHO SALMON,3DD.003C06A7D1,6/6/18,7/17/18,8:21:41,POR 1,-9999,18.8,EF,(blank)
COHO SALMON,3DD.003C06A7D1,6/6/18,7/17/18,9:51:57,POR 1.55,(blank),(blank),ANT,(blank)
COHO SALMON,3DD.003C06A7D4,6/6/18,6/6/18,11:16:52,POR 1,-9999,18.8,EF,(blank)
COHO SALMON,3DD.003C06A7D4,6/6/18,6/7/18,4:01:45,POR 1.55,(blank),(blank),ANT,(blank)
COHO SALMON,3DD.003C06A7D4,6/6/18,6/7/18,4:30:25,POR 1.56,(blank),(blank),ANT,(blank)
COHO SALMON,3DD.003C06A7D4,6/6/18,6/7/18,6:00:31,POR 1.55,(blank),(blank),ANT,(blank)
COHO SALMON,3DD.003C06A7D4,6/6/18,7/17/18,9:29:13,POR 1,-9999,18.8,EF,34
COHO SALMON,3DD.003C06A7D4,6/6/18,7/17/18,9:51:55,POR 1.55,(blank),(blank),ANT,(blank)
COHO SALMON,3DD.003C06A7D5,6/7/18,6/7/18,9:59:36,POR 1,POOL,18.6000003814697,EF,310
COHO SALMON,3DD.003C06A7D5,6/7/18,6/11/18,17:30:59,POR 1.59,(blank),(blank),ANT,(blank)
COHO SALMON,3DD.003C06A7D5,6/7/18,6/11/18,18:58:04,POR 1.59,(blank),(blank),ANT,(blank)
COHO SALMON,3DD.003C06A7D5,6/7/18,7/17/18,12:54:38,POR 1,-9999,18.6,EF,(blank)
COHO SALMON,3DD.003C06A7D8,6/7/18,6/7/18,10:45:44,POR 1,POOL,18.6000003814697,EF,321
COHO SALMON,3DD.003C06A7D8,6/7/18,6/11/18,17:30:58,POR 1.59,(blank),(blank),ANT,(blank)
COHO SALMON,3DD.003C06A7D8,6/7/18,6/11/18,18:24:16,POR 1.59,(blank),(blank),ANT,(blank)
COHO SALMON,3DD.003C06A7D8,6/7/18,7/17/18,12:40:50,POR 1,-9999,18.6,EF,(blank)
COHO SALMON,3DD.003C06A7DC,6/6/18,6/6/18,12:16:18,POR 1,-9999,18.7,EF,212. POOP F3
COHO SALMON,3DD.003C06A7DC,6/6/18,6/7/18,9:04:34,POR 1.56,(blank),(blank),ANT,(blank)
COHO SALMON,3DD.003C06A7DC,6/6/18,6/7/18,9:36:31,POR 1.56,(blank),(blank),ANT,(blank)
COHO SALMON,3DD.003C06A7DC,6/6/18,6/8/18,4:08:51,POR 1.56,(blank),(blank),ANT,(blank)
COHO SALMON,3DD.003C06A7DC,6/6/18,6/9/18,21:33:48,POR 1.56,(blank),(blank),ANT,(blank)
COHO SALMON,3DD.003C06A7DC,6/6/18,6/19/18,22:18:50,POR 1.56,(blank),(blank),ANT,(blank)
COHO SALMON,3DD.003C06A7DC,6/6/18,7/1/18,21:20:50,POR 1.56,(blank),(blank),ANT,(blank)
COHO SALMON,3DD.003C06A7DC,6/6/18,7/17/18,10:28:15,POR 1,-9999,18.7,EF,(blank)
COHO SALMON,3DD.003C06A7DC,6/6/18,9/4/18,21:36:37,POR 1.56,(blank),(blank),ANT,(blank)
COHO SALMON,3DD.003C06A7E4,6/6/18,6/6/18,12:18:02,POR 1,-9999,18.7,EF,213
COHO SALMON,3DD.003C06A7E4,6/6/18,7/17/18,9:59:56,POR 1,-9999,18.7,EF,(blank)
COHO SALMON,3DD.003C06A7E6,6/7/18,6/7/18,9:51:10,POR 1,POOL,18.6000003814697,EF,309
COHO SALMON,3DD.003C06A7E6,6/7/18,6/8/18,19:03:59,POR 1.59,(blank),(blank),ANT,(blank)
COHO SALMON,3DD.003C06A7E6,6/7/18,6/9/18,19:27:26,POR 1.59,(blank),(blank),ANT,(blank)
COHO SALMON,3DD.003C06A7E6,6/7/18,7/17/18,12:19:19,POR 1,-9999,18.6,EF,(blank)
COHO SALMON,3DD.003C06A7EB,6/4/18,6/4/18,12:16:58,POR 2,-9999,18.3,EF,130
COHO SALMON,3DD.003C06A802,6/7/18,6/7/18,9:21:34,POR 1,POOL,18.6000003814697,EF,306
COHO SALMON,3DD.003C06A802,6/7/18,6/8/18,10:30:36,POR 1.56,(blank),(blank),ANT,(blank)
COHO SALMON,3DD.003C06A802,6/7/18,6/11/18,17:30:59,POR 1.59,(blank),(blank),ANT,(blank)
COHO SALMON,3DD.003C06A802,6/7/18,6/11/18,18:24:13,POR 1.59,(blank),(blank),ANT,(blank)
COHO SALMON,3DD.003C06A802,6/7/18,6/12/18,7:56:54,POR 1.59,(blank),(blank),ANT,(blank)
COHO SALMON,3DD.003C06A802,6/7/18,6/12/18,9:10:20,POR 1.59,(blank),(blank),ANT,(blank)
COHO SALMON,3DD.003C06A802,6/7/18,6/30/18,9:50:34,POR 1.59,(blank),(blank),ANT,(blank)
COHO SALMON,3DD.003C06A802,6/7/18,6/30/18,13:46:54,POR 1.59,(blank),(blank),ANT,(blank)
COHO SALMON,3DD.003C06A802,6/7/18,7/2/18,5:17:24,POR 1.59,(blank),(blank),ANT,(blank)
COHO SALMON,3DD.003C06A802,6/7/18,7/2/18,8:29:08,POR 1.59,(blank),(blank),ANT,(blank)
COHO SALMON,3DD.003C06A802,6/7/18,7/2/18,21:50:09,POR 1.59,(blank),(blank),ANT,(blank)
COHO SALMON,3DD.003C06A802,6/7/18,7/2/18,23:04:28,POR 1.59,(blank),(blank),ANT,(blank)
COHO SALMON,3DD.003C06A802,6/7/18,7/17/18,12:21:35,POR 1,-9999,18.6,EF,(blank)
COHO SALMON,3dd.003c06a805,6/4/18,6/4/18,10:10:13,POR 2,-9999,18.4,EF,117
COHO SALMON,3dd.003c06a805,6/4/18,7/16/18,14:32:44,POR 2,-9999,18.3,EF,(blank)
COHO SALMON,3DD.003C06A806,6/7/18,6/7/18,10:47:10,POR 1,POOL,18.6000003814697,EF,322
COHO SALMON,3DD.003C06A806,6/7/18,6/7/18,21:02:04,POR 1.59,(blank),(blank),ANT,(blank)
COHO SALMON,3DD.003C06A806,6/7/18,6/8/18,5:08:56,POR 1.59,(blank),(blank),ANT,(blank)
COHO SALMON,3DD.003C06A806,6/7/18,6/8/18,9:41:39,POR 1.56,(blank),(blank),ANT,(blank)
COHO SALMON,3DD.003C06A806,6/7/18,6/8/18,9:46:53,POR 1.55,(blank),(blank),ANT,(blank)
COHO SALMON,3DD.003C06A806,6/7/18,6/8/18,14:20:42,POR 1.55,(blank),(blank),ANT,(blank)
COHO SALMON,3DD.003C06A806,6/7/18,6/8/18,14:32:38,POR 1.56,(blank),(blank),ANT,(blank)
COHO SALMON,3DD.003C06A806,6/7/18,6/8/18,20:54:43,POR 1.59,(blank),(blank),ANT,(blank)
COHO SALMON,3DD.003C06A806,6/7/18,6/9/18,5:19:48,POR 1.59,(blank),(blank),ANT,(blank)
COHO SALMON,3DD.003C06A806,6/7/18,6/9/18,20:42:15,POR 1.59,(blank),(blank),ANT,(blank)
COHO SALMON,3DD.003C06A806,6/7/18,6/10/18,5:19:08,POR 1.59,(blank),(blank),ANT,(blank)
COHO SALMON,3DD.003C06A806,6/7/18,6/10/18,20:49:30,POR 1.59,(blank),(blank),ANT,(blank)
COHO SALMON,3DD.003C06A806,6/7/18,6/11/18,5:18:21,POR 1.59,(blank),(blank),ANT,(blank)
COHO SALMON,3DD.003C06A806,6/7/18,6/11/18,17:30:57,POR 1.59,(blank),(blank),ANT,(blank)
COHO SALMON,3DD.003C06A806,6/7/18,6/11/18,18:35:55,POR 1.59,(blank),(blank),ANT,(blank)
COHO SALMON,3DD.003C06A806,6/7/18,6/11/18,20:45:44,POR 1.59,(blank),(blank),ANT,(blank)
COHO SALMON,3DD.003C06A806,6/7/18,6/12/18,5:18:34,POR 1.59,(blank),(blank),ANT,(blank)
COHO SALMON,3DD.003C06A806,6/7/18,6/12/18,6:36:33,POR 1.59,(blank),(blank),ANT,(blank)
COHO SALMON,3DD.003C06A806,6/7/18,6/12/18,20:40:57,POR 1.59,(blank),(blank),ANT,(blank)
COHO SALMON,3DD.003C06A806,6/7/18,6/13/18,5:19:19,POR 1.59,(blank),(blank),ANT,(blank)
COHO SALMON,3DD.003C06A806,6/7/18,6/13/18,6:08:08,POR 1.59,(blank),(blank),ANT,(blank)
COHO SALMON,3DD.003C06A806,6/7/18,6/13/18,20:47:26,POR 1.59,(blank),(blank),ANT,(blank)
COHO SALMON,3DD.003C06A806,6/7/18,6/30/18,23:52:40,POR 1.59,(blank),(blank),ANT,(blank)
COHO SALMON,3DD.003C06A806,6/7/18,7/1/18,1:24:37,POR 1.59,(blank),(blank),ANT,(blank)
COHO SALMON,3DD.003C06A806,6/7/18,7/1/18,5:11:20,POR 1.59,(blank),(blank),ANT,(blank)
COHO SALMON,3DD.003C06A806,6/7/18,7/1/18,20:24:51,POR 1.59,(blank),(blank),ANT,(blank)
COHO SALMON,3DD.003C06A806,6/7/18,7/2/18,6:24:10,POR 1.59,(blank),(blank),ANT,(blank)
COHO SALMON,3DD.003C06A806,6/7/18,7/2/18,20:17:45,POR 1.59,(blank),(blank),ANT,(blank)
COHO SALMON,3DD.003C06A806,6/7/18,7/3/18,5:49:26,POR 1.59,(blank),(blank),ANT,(blank)
COHO SALMON,3DD.003C06A806,6/7/18,7/3/18,20:37:46,POR 1.59,(blank),(blank),ANT,(blank)
COHO SALMON,3DD.003C06A806,6/7/18,7/4/18,5:29:53,POR 1.59,(blank),(blank),ANT,(blank)
COHO SALMON,3DD.003C06A806,6/7/18,7/4/18,20:29:51,POR 1.59,(blank),(blank),ANT,(blank)
COHO SALMON,3DD.003C06A806,6/7/18,7/5/18,5:15:46,POR 1.59,(blank),(blank),ANT,(blank)
COHO SALMON,3DD.003C06A806,6/7/18,7/5/18,20:12:50,POR 1.59,(blank),(blank),ANT,(blank)
COHO SALMON,3DD.003C06A806,6/7/18,7/6/18,3:11:45,POR 1.59,(blank),(blank),ANT,(blank)
COHO SALMON,3DD.003C06A806,6/7/18,7/6/18,20:21:59,POR 1.59,(blank),(blank),ANT,(blank)
COHO SALMON,3DD.003C06A806,6/7/18,7/7/18,5:28:07,POR 1.59,(blank),(blank),ANT,(blank)
COHO SALMON,3DD.003C06A806,6/7/18,7/7/18,19:12:28,POR 1.59,(blank),(blank),ANT,(blank)
COHO SALMON,3DD.003C06A806,6/7/18,7/8/18,5:28:59,POR 1.59,(blank),(blank),ANT,(blank)
COHO SALMON,3DD.003C06A806,6/7/18,7/8/18,18:38:05,POR 1.59,(blank),(blank),ANT,(blank)
COHO SALMON,3DD.003C06A806,6/7/18,7/9/18,5:17:15,POR 1.59,(blank),(blank),ANT,(blank)
COHO SALMON,3DD.003C06A806,6/7/18,7/9/18,15:49:15,POR 1.59,(blank),(blank),ANT,(blank)
COHO SALMON,3DD.003C06A806,6/7/18,7/10/18,5:20:55,POR 1.59,(blank),(blank),ANT,(blank)
COHO SALMON,3DD.003C06A806,6/7/18,7/10/18,17:34:19,POR 1.59,(blank),(blank),ANT,(blank)
COHO SALMON,3DD.003C06A806,6/7/18,7/11/18,5:12:57,POR 1.59,(blank),(blank),ANT,(blank)
COHO SALMON,3DD.003C06A806,6/7/18,7/11/18,15:17:41,POR 1.59,(blank),(blank),ANT,(blank)
COHO SALMON,3DD.003C06A806,6/7/18,7/12/18,5:29:56,POR 1.59,(blank),(blank),ANT,(blank)
COHO SALMON,3DD.003C06A806,6/7/18,7/12/18,7:36:43,POR 1.59,(blank),(blank),ANT,(blank)
COHO SALMON,3DD.003C06A806,6/7/18,7/12/18,15:40:01,POR 1.59,(blank),(blank),ANT,(blank)
COHO SALMON,3DD.003C06A806,6/7/18,7/12/18,19:56:42,POR 1.59,(blank),(blank),ANT,(blank)
COHO SALMON,3DD.003C06A806,6/7/18,7/13/18,5:08:19,POR 1.59,(blank),(blank),ANT,(blank)
COHO SALMON,3DD.003C06A806,6/7/18,7/13/18,19:16:28,POR 1.59,(blank),(blank),ANT,(blank)
COHO SALMON,3DD.003C06A806,6/7/18,7/13/18,20:06:53,POR 1.59,(blank),(blank),ANT,(blank)
COHO SALMON,3DD.003C06A806,6/7/18,7/14/18,5:09:05,POR 1.59,(blank),(blank),ANT,(blank)
COHO SALMON,3DD.003C06A806,6/7/18,7/14/18,19:48:43,POR 1.59,(blank),(blank),ANT,(blank)
COHO SALMON,3DD.003C06A806,6/7/18,7/15/18,5:14:10,POR 1.59,(blank),(blank),ANT,(blank)
COHO SALMON,3DD.003C06A806,6/7/18,7/15/18,19:50:33,POR 1.59,(blank),(blank),ANT,(blank)
COHO SALMON,3DD.003C06A806,6/7/18,7/16/18,5:09:27,POR 1.59,(blank),(blank),ANT,(blank)
COHO SALMON,3DD.003C06A806,6/7/18,7/16/18,20:07:33,POR 1.59,(blank),(blank),ANT,(blank)
COHO SALMON,3DD.003C06A806,6/7/18,7/17/18,5:10:42,POR 1.59,(blank),(blank),ANT,(blank)
COHO SALMON,3DD.003C06A806,6/7/18,7/17/18,12:41:46,POR 1,-9999,18.6,EF,(blank)
COHO SALMON,3DD.003C06A806,6/7/18,7/17/18,20:23:21,POR 1.59,(blank),(blank),ANT,(blank)
COHO SALMON,3DD.003C06A806,6/7/18,7/22/18,19:04:37,POR 1.59,(blank),(blank),ANT,(blank)
COHO SALMON,3DD.003C06A806,6/7/18,7/22/18,20:01:46,POR 1.59,(blank),(blank),ANT,(blank)
COHO SALMON,3DD.003C06A806,6/7/18,8/13/18,20:26:49,POR 1.59,(blank),(blank),ANT,(blank)
COHO SALMON,3DD.003C06A806,6/7/18,8/11/18,5:55:21,POR 1.59,(blank),(blank),ANT,(blank)
SCULPIN SP,3DD.003C068DBA,6/7/18,6/7/18,14:03:21,POR 1,POOL,-9999.0,EF,373
SCULPIN SP,3DD.003C068DBA,6/7/18,6/8/18,14:07:11,POR 1.73,(blank),(blank),ANT,(blank)
SCULPIN SP,3DD.003C068DBA,6/7/18,6/8/18,23:01:48,POR 1.73,(blank),(blank),ANT,(blank)
SCULPIN SP,3DD.003C068DD6,6/7/18,6/7/18,13:04:27,POR 1,POOL,18.5,EF,361
SCULPIN SP,3DD.003C068DD6,6/7/18,6/8/18,13:25:29,POR 1.73,(blank),(blank),ANT,(blank)
SCULPIN SP,3DD.003C068DD6,6/7/18,6/8/18,14:09:18,POR 1.73,(blank),(blank),ANT,(blank)
SCULPIN SP,3DD.003C068DE0,6/7/18,6/7/18,13:03:39,POR 1,POOL,18.5,EF,360
SCULPIN SP,3DD.003C06A7C8,6/7/18,6/7/18,10:13:10,POR 1,POOL,18.6,EF,315
SCULPIN SP,3DD.003C06A7C8,6/7/18,6/8/18,5:37:46,POR 1.59,(blank),(blank),ANT,(blank)
SCULPIN SP,3DD.003C06A7C8,6/7/18,6/9/18,0:28:23,POR 1.56,(blank),(blank),ANT,(blank)
SCULPIN SP,3DD.003C06A7C8,6/7/18,6/9/18,0:42:44,POR 1.55,(blank),(blank),ANT,(blank)
SCULPIN SP,3DD.003C06A7C8,6/7/18,6/10/18,3:54:10,POR 1.22,(blank),(blank),ANT,(blank)
SCULPIN SP,3DD.003C06A7D2,6/6/18,6/6/18,12:22:10,POR 1,-9999,18.7,EF,215. SCULPIN
SCULPIN SP,3DD.003C06A7DE,6/6/18,6/6/18,9:48:00,POR 1,-9999,18.8,EF,186 SCULPIN
SCULPIN SP,3DD.003C06A7E1,6/6/18,6/6/18,13:00:05,POR 1,-9999,18.7,EF,222. SCULPIN
SCULPIN SP,3DD.003C06A7E1,6/6/18,7/14/18,0:19:47,POR 1.56,(blank),(blank),ANT,(blank)
SCULPIN SP,3DD.003C06A7E1,6/6/18,7/26/18,22:29:20,POR 1.56,(blank),(blank),ANT,(blank)
SCULPIN SP,3DD.003C06A7E1,6/6/18,7/26/18,22:59:20,POR 1.56,(blank),(blank),ANT,(blank)
SCULPIN SP,3DD.003C06A7E1,6/6/18,7/26/18,23:33:15,POR 1.56,(blank),(blank),ANT,(blank)
SCULPIN SP,3DD.003C06A7E9,6/6/18,6/6/18,10:39:23,POR 1,-9999,18.8,EF,197 SCULPIN
SCULPIN SP,3DD.003C06A7F0,6/7/18,6/7/18,9:11:04,POR 1,POOL,18.6,EF,298
SCULPIN SP,3DD.003C06A7F0,6/7/18,6/7/18,22:29:14,POR 1.56,(blank),(blank),ANT,(blank)
SCULPIN SP,3DD.003C06A7F0,6/7/18,6/7/18,22:41:04,POR 1.55,(blank),(blank),ANT,(blank)
SCULPIN SP,3DD.003C06A808,6/6/18,6/6/18,12:58:33,POR 1,-9999,18.7,EF,221. SCULPIN
SCULPIN SP,3DD.003C06A808,6/6/18,6/8/18,2:16:55,POR 1.56,(blank),(blank),ANT,(blank)
SCULPIN SP,3DD.003C06A80B,6/6/18,6/6/18,13:01:34,POR 1,-9999,18.7,EF,224. SCUPLIN
STEELHEAD,3DD.003C068D9E,6/7/18,6/7/18,12:27:30,POR 1,POOL,18.5,EF,337 G9
STEELHEAD,3DD.003C068D9E,6/7/18,6/8/18,13:35:36,POR 1.73,(blank),(blank),ANT,(blank)
STEELHEAD,3DD.003C068D9E,6/7/18,6/9/18,15:49:49,POR 1.73,(blank),(blank),ANT,(blank)
STEELHEAD,3DD.003C068D9E,6/7/18,6/9/18,16:31:49,POR 1.73,(blank),(blank),ANT,(blank)
STEELHEAD,3DD.003C068D9E,6/7/18,7/2/18,12:24:04,POR 1.73,(blank),(blank),ANT,(blank)
STEELHEAD,3DD.003C068D9E,6/7/18,7/2/18,13:09:29,POR 1.73,(blank),(blank),ANT,(blank)
STEELHEAD,3DD.003C068DA5,6/7/18,6/7/18,13:00:08,POR 1,POOL,18.5,EF,357; lavage yes=fecal sample
STEELHEAD,3DD.003C068DA5,6/7/18,6/8/18,13:27:07,POR 1.73,(blank),(blank),ANT,(blank)
STEELHEAD,3DD.003C068DA5,6/7/18,6/8/18,13:40:13,POR 1.73,(blank),(blank),ANT,(blank)
STEELHEAD,3DD.003C068DA5,6/7/18,7/16/18,16:52:45,POR 1.73,(blank),(blank),ANT,(blank)
STEELHEAD,3DD.003C068DA6,6/7/18,6/7/18,13:57:34,POR 1,POOL,-9999.0,EF,371; lavage yes=fecal sample
STEELHEAD,3DD.003C068DA6,6/7/18,6/8/18,14:01:28,POR 1.73,(blank),(blank),ANT,(blank)
STEELHEAD,3DD.003C068DA6,6/7/18,6/10/18,5:45:48,POR 1.73,(blank),(blank),ANT,(blank)
STEELHEAD,3DD.003C068DA6,6/7/18,6/10/18,15:39:07,POR 1.73,(blank),(blank),ANT,(blank)
STEELHEAD,3DD.003C068DA6,6/7/18,7/19/18,12:22:55,POR 1.73,(blank),(blank),ANT,(blank)
STEELHEAD,3DD.003C068DA9,6/7/18,6/7/18,12:48:40,POR 1,POOL,18.5,EF,351 G12
STEELHEAD,3DD.003C068DA9,6/7/18,6/8/18,13:36:59,POR 1.73,(blank),(blank),ANT,(blank)
STEELHEAD,3DD.003C068DA9,6/7/18,6/9/18,18:19:41,POR 1.73,(blank),(blank),ANT,(blank)
STEELHEAD,3DD.003C068DD2,6/7/18,6/7/18,14:00:58,POR 1,POOL,-9999.0,EF,372; lavage yes=fecal sample
STEELHEAD,3DD.003C068DD2,6/7/18,6/8/18,14:03:13,POR 1.73,(blank),(blank),ANT,(blank)
STEELHEAD,3DD.003C068DD2,6/7/18,6/9/18,8:33:45,POR 1.73,(blank),(blank),ANT,(blank)
STEELHEAD,3DD.003C068DD2,6/7/18,8/18/18,15:28:17,POR 1.59,(blank),(blank),ANT,(blank)
STEELHEAD,3DD.003C068DD2,6/7/18,8/18/18,15:41:06,POR 1.56,(blank),(blank),ANT,(blank)
STEELHEAD,3DD.003C068DD2,6/7/18,8/18/18,15:51:41,POR 1.55,(blank),(blank),ANT,(blank)
STEELHEAD,3DD.003C068DD2,6/7/18,8/19/18,14:27:02,POR 1.73,(blank),(blank),ANT,(blank)
STEELHEAD,3DD.003C068DD7,6/7/18,6/7/18,13:53:11,POR 1,POOL,18.5,EF,367; lavage yes=fecal sample
STEELHEAD,3DD.003C068DD7,6/7/18,6/8/18,13:55:06,POR 1.73,(blank),(blank),ANT,(blank)
STEELHEAD,3DD.003C068DD7,6/7/18,6/8/18,19:35:30,POR 1.73,(blank),(blank),ANT,(blank)
STEELHEAD,3DD.003C068DD7,6/7/18,6/8/18,20:40:27,POR 1.73,(blank),(blank),ANT,(blank)
STEELHEAD,3DD.003C068DD7,6/7/18,6/9/18,8:54:24,POR 1.73,(blank),(blank),ANT,(blank)
STEELHEAD,3DD.003C068DD7,6/7/18,6/10/18,17:29:01,POR 1.73,(blank),(blank),ANT,(blank)
STEELHEAD,3DD.003C068DDD,6/7/18,6/7/18,12:52:02,POR 1,POOL,18.5,EF,352
STEELHEAD,3DD.003C068DDD,6/7/18,6/8/18,13:38:15,POR 1.73,(blank),(blank),ANT,(blank)
STEELHEAD,3dd.003c06a7ca,6/4/18,6/4/18,12:13:21,POR 2,-9999,18.3,EF,127
STEELHEAD,3dd.003c06a7ca,6/4/18,7/16/18,14:31:20,POR 2,-9999,18.3,EF,(blank)
STEELHEAD,3DD.003C06A7CD,6/4/18,6/4/18,14:20:26,POR 2,-9999,18.2,EF,148
STEELHEAD,3DD.003C06A7CE,6/6/18,6/6/18,12:09:43,POR 1,-9999,18.7,EF,208
STEELHEAD,3DD.003C06A7D0,6/6/18,6/6/18,12:10:59,POR 1,-9999,18.7000007629395,EF,209
STEELHEAD,3DD.003C06A7D0,6/6/18,6/6/18,21:19:45,POR 1.55,(blank),(blank),ANT,(blank)
STEELHEAD,3DD.003C06A7D6,6/4/18,6/4/18,17:18:38,POR 2,-9999,18.1,EF,176
STEELHEAD,3DD.003C06A7D7,6/4/18,6/4/18,17:14:02,POR 2,-9999,18.1000003814697,EF,173
STEELHEAD,3dd.003c06a7d9,6/4/18,6/4/18,14:37:14,POR 2,-9999,18.2,EF,157 E9 POOP
STEELHEAD,3dd.003c06a7d9,6/4/18,7/16/18,14:36:39,POR 2,-9999,18.2,EF,(blank)
STEELHEAD,3DD.003c06A7DD,6/4/18,6/4/18,16:36:57,POR 2,-9999,2.0,EF,171
STEELHEAD,3DD.003C06A7DF,6/6/18,6/6/18,9:57:34,POR 1,-9999,18.8,EF,190 POOP F2
STEELHEAD,3DD.003C06A7DF,6/6/18,6/7/18,5:24:24,POR 1.22,(blank),(blank),ANT,(blank)
STEELHEAD,3DD.003C06A7E0,6/4/18,6/4/18,10:11:32,POR 2,-9999,18.4,EF,118
STEELHEAD,3DD.003C06A7E0,6/4/18,7/16/18,14:11:40,POR 2,-9999,18.4,EF,(blank)
STEELHEAD,3DD.003C06A7E2,6/6/18,6/6/18,9:33:36,POR 1,-9999,18.8,EF,179
STEELHEAD,3DD.003C06A7E5,6/4/18,6/4/18,17:15:14,POR 2,-9999,18.1,EF,174
STEELHEAD,3DD.003C06A7E7,6/4/18,6/4/18,15:03:15,POR 2,-9999,18.2,EF,159
STEELHEAD,3DD.003C06A7E8,6/4/18,6/4/18,14:25:08,POR 2,-9999,18.2000007629395,EF,151
STEELHEAD,3DD.003C06A7E8,6/4/18,7/16/18,14:37:59,POR 2,-9999,18.2000007629395,EF,(blank)
STEELHEAD,3DD.003C06A7EE,6/4/18,6/4/18,9:57:12,POR 2,-9999,18.4,EF,112
STEELHEAD,3dd.003c06a7ef,6/4/18,6/4/18,14:17:27,POR 2,-9999,18.2,EF,147 E7 POOP
STEELHEAD,3dd.003c06a7ef,6/4/18,7/16/18,14:38:40,POR 2,-9999,18.2,EF,(blank)
STEELHEAD,3DD.003C06A7F2,6/4/18,6/4/18,12:30:01,POR 2,-9999,18.3,EF,133
STEELHEAD,3DD.003C06A7F3,6/6/18,6/6/18,9:41:01,POR 1,-9999,18.8,EF,183 POOP F1
STEELHEAD,3DD.003C06A7F3,6/6/18,7/17/18,8:28:47,POR 1,-9999,18.8,EF,K1 POOP
STEELHEAD,3DD.003C06A7F3,6/6/18,7/18/18,4:53:58,POR 1.56,(blank),(blank),ANT,(blank)
STEELHEAD,3DD.003C06A7F3,6/6/18,7/19/18,1:09:19,POR 1.56,(blank),(blank),ANT,(blank)
STEELHEAD,3DD.003C06A7F3,6/6/18,7/19/18,22:00:53,POR 1.56,(blank),(blank),ANT,(blank)
STEELHEAD,3DD.003C06A7F3,6/6/18,9/4/18,0:21:22,POR 1.56,(blank),(blank),ANT,(blank)
STEELHEAD,3DD.003C06A7F3,6/6/18,9/4/18,5:02:05,POR 1.56,(blank),(blank),ANT,(blank)
STEELHEAD,3DD.003C06A7F3,6/6/18,9/4/18,21:18:58,POR 1.56,(blank),(blank),ANT,(blank)
STEELHEAD,3DD.003C06A7F3,6/6/18,8/10/18,22:03:58,POR 1.56,(blank),(blank),ANT,(blank)
STEELHEAD,3DD.003C06A7F3,6/6/18,8/10/18,23:23:35,POR 1.56,(blank),(blank),ANT,(blank)
STEELHEAD,3DD.003C06A7F3,6/6/18,7/29/18,4:12:04,POR 1.56,(blank),(blank),ANT,(blank)
STEELHEAD,3DD.003C06A7F3,6/6/18,7/25/18,22:04:18,POR 1.56,(blank),(blank),ANT,(blank)
STEELHEAD,3DD.003C06A7F3,6/6/18,7/23/18,5:18:15,POR 1.56,(blank),(blank),ANT,(blank)
STEELHEAD,3DD.003C06A7F3,6/6/18,7/21/18,2:13:59,POR 1.56,(blank),(blank),ANT,(blank)
STEELHEAD,3DD.003C06A7F3,6/6/18,7/21/18,2:48:27,POR 1.56,(blank),(blank),ANT,(blank)
STEELHEAD,3DD.003C06A7F3,6/6/18,7/21/18,22:50:48,POR 1.56,(blank),(blank),ANT,(blank)
STEELHEAD,3DD.003C06A7F3,6/6/18,7/22/18,5:43:59,POR 1.56,(blank),(blank),ANT,(blank)
STEELHEAD,3DD.003C06A7F3,6/6/18,7/20/18,0:33:02,POR 1.56,(blank),(blank),ANT,(blank)
STEELHEAD,3DD.003C06A7F3,6/6/18,7/20/18,2:07:40,POR 1.56,(blank),(blank),ANT,(blank)
STEELHEAD,3DD.003C06A7F3,6/6/18,7/20/18,4:34:50,POR 1.56,(blank),(blank),ANT,(blank)
STEELHEAD,3DD.003C06A7F3,6/6/18,7/20/18,23:54:50,POR 1.56,(blank),(blank),ANT,(blank)
STEELHEAD,3DD.003C06A7F3,6/6/18,9/2/18,0:17:49,POR 1.56,(blank),(blank),ANT,(blank)
STEELHEAD,3DD.003C06A7F3,6/6/18,9/2/18,2:06:05,POR 1.56,(blank),(blank),ANT,(blank)
STEELHEAD,3DD.003C06A7F3,6/6/18,9/2/18,22:25:18,POR 1.56,(blank),(blank),ANT,(blank)
STEELHEAD,3DD.003C06A7F3,6/6/18,9/2/18,22:55:18,POR 1.56,(blank),(blank),ANT,(blank)
STEELHEAD,3DD.003C06A7F3,6/6/18,9/2/18,23:49:55,POR 1.56,(blank),(blank),ANT,(blank)
STEELHEAD,3DD.003C06A7F3,6/6/18,9/3/18,0:19:55,POR 1.56,(blank),(blank),ANT,(blank)
STEELHEAD,3DD.003C06A7F3,6/6/18,9/3/18,20:58:03,POR 1.56,(blank),(blank),ANT,(blank)
STEELHEAD,3DD.003C06A7F3,6/6/18,9/3/18,21:55:30,POR 1.56,(blank),(blank),ANT,(blank)
STEELHEAD,3DD.003C06A7F3,6/6/18,9/3/18,22:36:25,POR 1.56,(blank),(blank),ANT,(blank)
STEELHEAD,3DD.003C06A7F3,6/6/18,8/31/18,21:19:21,POR 1.56,(blank),(blank),ANT,(blank)
STEELHEAD,3DD.003C06A7F3,6/6/18,8/31/18,23:18:16,POR 1.56,(blank),(blank),ANT,(blank)
STEELHEAD,3DD.003C06A7F3,6/6/18,9/1/18,0:37:49,POR 1.56,(blank),(blank),ANT,(blank)
STEELHEAD,3DD.003C06A7F3,6/6/18,9/1/18,21:51:04,POR 1.56,(blank),(blank),ANT,(blank)
STEELHEAD,3DD.003C06A7F3,6/6/18,9/1/18,23:29:54,POR 1.56,(blank),(blank),ANT,(blank)
STEELHEAD,3DD.003C06A7F3,6/6/18,8/22/18,2:24:38,POR 1.56,(blank),(blank),ANT,(blank)
STEELHEAD,3DD.003C06A7F3,6/6/18,8/23/18,3:29:31,POR 1.56,(blank),(blank),ANT,(blank)
STEELHEAD,3DD.003C06A7F3,6/6/18,8/30/18,22:16:50,POR 1.56,(blank),(blank),ANT,(blank)
STEELHEAD,3DD.003C06A7F3,6/6/18,8/30/18,23:02:47,POR 1.56,(blank),(blank),ANT,(blank)
STEELHEAD,3DD.003C06A7F3,6/6/18,8/30/18,23:34:26,POR 1.56,(blank),(blank),ANT,(blank)
STEELHEAD,3DD.003C06A7F3,6/6/18,8/14/18,1:00:26,POR 1.56,(blank),(blank),ANT,(blank)
STEELHEAD,3DD.003C06A7F3,6/6/18,8/14/18,1:31:38,POR 1.56,(blank),(blank),ANT,(blank)
STEELHEAD,3DD.003C06A7F3,6/6/18,8/14/18,2:56:41,POR 1.56,(blank),(blank),ANT,(blank)
STEELHEAD,3DD.003C06A7F3,6/6/18,8/15/18,1:25:02,POR 1.56,(blank),(blank),ANT,(blank)
STEELHEAD,3DD.003C06A7F3,6/6/18,8/15/18,3:00:35,POR 1.56,(blank),(blank),ANT,(blank)
STEELHEAD,3DD.003C06A7F3,6/6/18,8/16/18,4:01:10,POR 1.56,(blank),(blank),ANT,(blank)
STEELHEAD,3DD.003C06A7F3,6/6/18,8/17/18,0:25:12,POR 1.56,(blank),(blank),ANT,(blank)
STEELHEAD,3DD.003C06A7F3,6/6/18,8/6/18,4:05:35,POR 1.56,(blank),(blank),ANT,(blank)
STEELHEAD,3DD.003C06A7F3,6/6/18,8/6/18,21:52:03,POR 1.56,(blank),(blank),ANT,(blank)
STEELHEAD,3DD.003C06A7F3,6/6/18,8/7/18,21:55:50,POR 1.56,(blank),(blank),ANT,(blank)
STEELHEAD,3DD.003C06A7F3,6/6/18,8/29/18,2:08:13,POR 1.56,(blank),(blank),ANT,(blank)
STEELHEAD,3DD.003C06A7F3,6/6/18,8/21/18,2:24:02,POR 1.56,(blank),(blank),ANT,(blank)
STEELHEAD,3DD.003C06A7F3,6/6/18,8/27/18,21:50:05,POR 1.56,(blank),(blank),ANT,(blank)
STEELHEAD,3DD.003C06A7F3,6/6/18,8/27/18,23:37:05,POR 1.56,(blank),(blank),ANT,(blank)
STEELHEAD,3DD.003C06A7F3,6/6/18,8/28/18,21:03:00,POR 1.56,(blank),(blank),ANT,(blank)
STEELHEAD,3DD.003C06A7F3,6/6/18,8/28/18,22:51:33,POR 1.56,(blank),(blank),ANT,(blank)
STEELHEAD,3DD.003C06A7F3,6/6/18,8/1/18,2:47:35,POR 1.56,(blank),(blank),ANT,(blank)
STEELHEAD,3DD.003C06A7F3,6/6/18,8/4/18,21:22:55,POR 1.56,(blank),(blank),ANT,(blank)
STEELHEAD,3DD.003C06A7F3,6/6/18,8/4/18,22:34:22,POR 1.56,(blank),(blank),ANT,(blank)
STEELHEAD,3DD.003C06A7F5,6/6/18,6/6/18,9:38:36,POR 1,-9999,18.7999992370605,EF,181
STEELHEAD,3dd.003c06a7f6,6/4/18,6/4/18,14:30:25,POR 2,-9999,18.2,EF,154 E8 POOP
STEELHEAD,3dd.003c06a7f6,6/4/18,7/16/18,14:34:07,POR 2,-9999,18.2,EF,(blank)
STEELHEAD,3DD.003C06A7F7,6/7/18,6/7/18,10:39:21,POR 1,POOL,18.6,EF,318 G3
STEELHEAD,3DD.003C06A7F7,6/7/18,6/7/18,20:42:05,POR 1.59,(blank),(blank),ANT,(blank)
STEELHEAD,3DD.003C06A7F7,6/7/18,6/9/18,5:01:04,POR 1.59,(blank),(blank),ANT,(blank)
STEELHEAD,3DD.003C06A7F7,6/7/18,6/9/18,6:08:49,POR 1.59,(blank),(blank),ANT,(blank)
STEELHEAD,3DD.003C06A7F7,6/7/18,6/10/18,2:00:36,POR 1.59,(blank),(blank),ANT,(blank)
STEELHEAD,3DD.003C06A7F7,6/7/18,6/10/18,21:14:36,POR 1.59,(blank),(blank),ANT,(blank)
STEELHEAD,3DD.003C06A7F7,6/7/18,6/11/18,4:07:40,POR 1.59,(blank),(blank),ANT,(blank)
STEELHEAD,3DD.003C06A7F7,6/7/18,6/11/18,5:31:21,POR 1.56,(blank),(blank),ANT,(blank)
STEELHEAD,3DD.003C06A7F7,6/7/18,6/11/18,5:41:45,POR 1.55,(blank),(blank),ANT,(blank)
STEELHEAD,3DD.003C06A7F7,6/7/18,6/11/18,21:51:51,POR 1.55,(blank),(blank),ANT,(blank)
STEELHEAD,3DD.003C06A7F7,6/7/18,6/11/18,21:54:56,POR 1.56,(blank),(blank),ANT,(blank)
STEELHEAD,3DD.003C06A7F7,6/7/18,6/11/18,22:13:42,POR 1.59,(blank),(blank),ANT,(blank)
STEELHEAD,3DD.003C06A7F7,6/7/18,6/12/18,5:18:50,POR 1.59,(blank),(blank),ANT,(blank)
STEELHEAD,3DD.003C06A7F7,6/7/18,6/12/18,5:51:13,POR 1.59,(blank),(blank),ANT,(blank)
STEELHEAD,3DD.003C06A7F7,6/7/18,6/16/18,13:57:48,POR 1.73,(blank),(blank),ANT,(blank)
STEELHEAD,3DD.003C06A7F7,6/7/18,6/16/18,14:57:59,POR 1.73,(blank),(blank),ANT,(blank)
STEELHEAD,3DD.003C06A7F7,6/7/18,6/18/18,21:48:17,POR 1.73,(blank),(blank),ANT,(blank)
STEELHEAD,3DD.003C06A7F7,6/7/18,6/19/18,6:47:57,POR 1.73,(blank),(blank),ANT,(blank)
STEELHEAD,3DD.003C06A7F8,6/4/18,6/4/18,14:08:59,POR 2,-9999,18.2,EF,143 PARASITE
STEELHEAD,3DD.003C06A7F9,6/4/18,6/4/18,12:35:33,POR 2,-9999,18.3,EF,137
STEELHEAD,3DD.003C06A7FA,6/4/18,6/4/18,17:23:00,POR 2,-9999,18.1,EF,178
STEELHEAD,3dd.003c06a7fb,6/4/18,6/4/18,14:12:45,POR 2,-9999,18.2,EF,144
STEELHEAD,3dd.003c06a7fb,6/4/18,7/16/18,14:37:04,POR 2,-9999,18.2,EF,(blank)
STEELHEAD,3DD.003C06A7FC,6/4/18,6/4/18,10:45:30,POR 2,-9999,18.4,EF,122 E5 POOP
STEELHEAD,3DD.003C06A7FD,6/7/18,6/7/18,8:54:31,POR 1,POOL,18.6000003814697,EF,295
STEELHEAD,3DD.003C06A7FD,6/7/18,6/11/18,17:30:51,POR 1.59,(blank),(blank),ANT,(blank)
STEELHEAD,3DD.003C06A7FD,6/7/18,6/22/18,16:26:03,POR 1.59,(blank),(blank),ANT,(blank)
STEELHEAD,3DD.003C06A7FD,6/7/18,7/1/18,19:01:03,POR 1.59,(blank),(blank),ANT,(blank)
STEELHEAD,3DD.003C06A7FD,6/7/18,7/1/18,19:51:45,POR 1.59,(blank),(blank),ANT,(blank)
STEELHEAD,3DD.003C06A7FD,6/7/18,7/2/18,0:08:07,POR 1.59,(blank),(blank),ANT,(blank)
STEELHEAD,3DD.003C06A7FD,6/7/18,7/2/18,0:38:10,POR 1.59,(blank),(blank),ANT,(blank)
STEELHEAD,3DD.003C06A7FD,6/7/18,7/2/18,1:33:23,POR 1.59,(blank),(blank),ANT,(blank)
STEELHEAD,3DD.003C06A7FD,6/7/18,7/2/18,2:22:11,POR 1.59,(blank),(blank),ANT,(blank)
STEELHEAD,3DD.003C06A7FD,6/7/18,7/2/18,5:08:08,POR 1.59,(blank),(blank),ANT,(blank)
STEELHEAD,3DD.003C06A7FD,6/7/18,7/2/18,5:41:34,POR 1.59,(blank),(blank),ANT,(blank)
STEELHEAD,3DD.003C06A7FD,6/7/18,7/2/18,6:17:29,POR 1.59,(blank),(blank),ANT,(blank)
STEELHEAD,3DD.003C06A7FD,6/7/18,7/2/18,6:55:38,POR 1.59,(blank),(blank),ANT,(blank)
STEELHEAD,3DD.003C06A7FD,6/7/18,7/2/18,8:40:40,POR 1.59,(blank),(blank),ANT,(blank)
STEELHEAD,3DD.003C06A7FD,6/7/18,7/2/18,9:58:09,POR 1.59,(blank),(blank),ANT,(blank)
STEELHEAD,3DD.003C06A7FD,6/7/18,7/2/18,10:43:01,POR 1.59,(blank),(blank),ANT,(blank)
STEELHEAD,3DD.003C06A7FD,6/7/18,7/2/18,13:10:16,POR 1.59,(blank),(blank),ANT,(blank)
STEELHEAD,3DD.003C06A7FD,6/7/18,7/2/18,13:44:46,POR 1.59,(blank),(blank),ANT,(blank)
STEELHEAD,3DD.003C06A7FD,6/7/18,7/2/18,14:18:04,POR 1.59,(blank),(blank),ANT,(blank)
STEELHEAD,3DD.003C06A7FD,6/7/18,7/2/18,14:57:12,POR 1.59,(blank),(blank),ANT,(blank)
STEELHEAD,3DD.003C06A7FD,6/7/18,7/2/18,15:31:44,POR 1.59,(blank),(blank),ANT,(blank)
STEELHEAD,3DD.003C06A7FD,6/7/18,7/2/18,16:15:24,POR 1.59,(blank),(blank),ANT,(blank)
STEELHEAD,3DD.003C06A7FD,6/7/18,7/2/18,16:46:08,POR 1.59,(blank),(blank),ANT,(blank)
STEELHEAD,3DD.003C06A7FD,6/7/18,7/2/18,17:16:08,POR 1.59,(blank),(blank),ANT,(blank)
STEELHEAD,3DD.003C06A7FD,6/7/18,7/2/18,18:06:57,POR 1.59,(blank),(blank),ANT,(blank)
STEELHEAD,3DD.003C06A7FD,6/7/18,7/2/18,18:41:14,POR 1.59,(blank),(blank),ANT,(blank)
STEELHEAD,3DD.003C06A7FD,6/7/18,7/2/18,20:53:14,POR 1.59,(blank),(blank),ANT,(blank)
STEELHEAD,3DD.003C06A7FD,6/7/18,7/2/18,21:34:33,POR 1.59,(blank),(blank),ANT,(blank)
STEELHEAD,3DD.003C06A7FD,6/7/18,7/2/18,22:04:39,POR 1.59,(blank),(blank),ANT,(blank)
STEELHEAD,3DD.003C06A7FD,6/7/18,7/2/18,22:34:47,POR 1.59,(blank),(blank),ANT,(blank)
STEELHEAD,3DD.003C06A7FD,6/7/18,7/2/18,23:11:53,POR 1.59,(blank),(blank),ANT,(blank)
STEELHEAD,3DD.003C06A7FD,6/7/18,7/3/18,0:38:02,POR 1.59,(blank),(blank),ANT,(blank)
STEELHEAD,3DD.003C06A7FD,6/7/18,7/3/18,1:17:59,POR 1.59,(blank),(blank),ANT,(blank)
STEELHEAD,3DD.003C06A7FD,6/7/18,7/3/18,2:12:46,POR 1.59,(blank),(blank),ANT,(blank)
STEELHEAD,3DD.003C06A7FD,6/7/18,7/3/18,3:30:46,POR 1.59,(blank),(blank),ANT,(blank)
STEELHEAD,3DD.003C06A7FD,6/7/18,7/3/18,5:05:14,POR 1.59,(blank),(blank),ANT,(blank)
STEELHEAD,3DD.003C06A7FD,6/7/18,7/3/18,7:09:55,POR 1.59,(blank),(blank),ANT,(blank)
STEELHEAD,3DD.003C06A7FD,6/7/18,7/3/18,21:04:29,POR 1.59,(blank),(blank),ANT,(blank)
STEELHEAD,3DD.003C06A7FD,6/7/18,7/3/18,21:46:37,POR 1.59,(blank),(blank),ANT,(blank)
STEELHEAD,3DD.003C06A7FD,6/7/18,7/4/18,1:28:01,POR 1.59,(blank),(blank),ANT,(blank)
STEELHEAD,3DD.003C06A7FD,6/7/18,7/4/18,2:48:13,POR 1.59,(blank),(blank),ANT,(blank)
STEELHEAD,3DD.003C06A7FD,6/7/18,7/4/18,4:49:54,POR 1.59,(blank),(blank),ANT,(blank)
STEELHEAD,3DD.003C06A7FD,6/7/18,7/4/18,5:30:43,POR 1.59,(blank),(blank),ANT,(blank)
STEELHEAD,3DD.003C06A7FD,6/7/18,7/4/18,8:42:28,POR 1.59,(blank),(blank),ANT,(blank)
STEELHEAD,3DD.003C06A7FD,6/7/18,7/4/18,9:13:19,POR 1.59,(blank),(blank),ANT,(blank)
STEELHEAD,3DD.003C06A7FD,6/7/18,7/4/18,9:51:29,POR 1.59,(blank),(blank),ANT,(blank)
STEELHEAD,3DD.003C06A7FD,6/7/18,7/4/18,10:21:29,POR 1.59,(blank),(blank),ANT,(blank)
STEELHEAD,3DD.003C06A7FD,6/7/18,7/4/18,11:45:11,POR 1.59,(blank),(blank),ANT,(blank)
STEELHEAD,3DD.003C06A7FD,6/7/18,7/4/18,12:28:52,POR 1.59,(blank),(blank),ANT,(blank)
STEELHEAD,3DD.003C06A7FD,6/7/18,7/4/18,13:20:54,POR 1.59,(blank),(blank),ANT,(blank)
STEELHEAD,3DD.003C06A7FD,6/7/18,7/4/18,14:19:52,POR 1.59,(blank),(blank),ANT,(blank)
STEELHEAD,3DD.003C06A7FD,6/7/18,7/4/18,15:05:36,POR 1.59,(blank),(blank),ANT,(blank)
STEELHEAD,3DD.003C06A7FD,6/7/18,7/4/18,15:37:52,POR 1.59,(blank),(blank),ANT,(blank)
STEELHEAD,3DD.003C06A7FD,6/7/18,7/4/18,16:28:23,POR 1.59,(blank),(blank),ANT,(blank)
STEELHEAD,3DD.003C06A7FD,6/7/18,7/4/18,17:00:01,POR 1.59,(blank),(blank),ANT,(blank)
STEELHEAD,3DD.003C06A7FD,6/7/18,7/4/18,17:33:59,POR 1.59,(blank),(blank),ANT,(blank)
STEELHEAD,3DD.003C06A7FD,6/7/18,7/4/18,20:56:47,POR 1.59,(blank),(blank),ANT,(blank)
STEELHEAD,3DD.003C06A7FD,6/7/18,7/5/18,6:23:31,POR 1.59,(blank),(blank),ANT,(blank)
STEELHEAD,3DD.003C06A7FD,6/7/18,7/5/18,7:41:51,POR 1.59,(blank),(blank),ANT,(blank)
STEELHEAD,3DD.003C06A7FD,6/7/18,7/5/18,8:40:44,POR 1.59,(blank),(blank),ANT,(blank)
STEELHEAD,3DD.003C06A7FD,6/7/18,7/5/18,10:43:02,POR 1.59,(blank),(blank),ANT,(blank)
STEELHEAD,3DD.003C06A7FD,6/7/18,7/5/18,11:31:35,POR 1.59,(blank),(blank),ANT,(blank)
STEELHEAD,3DD.003C06A7FD,6/7/18,7/5/18,12:01:35,POR 1.59,(blank),(blank),ANT,(blank)
STEELHEAD,3DD.003C06A7FD,6/7/18,7/5/18,12:33:43,POR 1.59,(blank),(blank),ANT,(blank)
STEELHEAD,3DD.003C06A7FD,6/7/18,7/5/18,14:45:06,POR 1.59,(blank),(blank),ANT,(blank)
STEELHEAD,3DD.003C06A7FD,6/7/18,7/5/18,15:17:16,POR 1.59,(blank),(blank),ANT,(blank)
STEELHEAD,3DD.003C06A7FD,6/7/18,7/5/18,15:47:19,POR 1.59,(blank),(blank),ANT,(blank)
STEELHEAD,3DD.003C06A7FD,6/7/18,7/5/18,16:28:08,POR 1.59,(blank),(blank),ANT,(blank)
STEELHEAD,3DD.003C06A7FD,6/7/18,7/5/18,19:37:49,POR 1.59,(blank),(blank),ANT,(blank)
STEELHEAD,3DD.003C06A7FD,6/7/18,7/5/18,20:31:45,POR 1.59,(blank),(blank),ANT,(blank)
STEELHEAD,3DD.003C06A7FD,6/7/18,7/5/18,21:02:12,POR 1.59,(blank),(blank),ANT,(blank)
STEELHEAD,3DD.003C06A7FD,6/7/18,7/6/18,6:21:23,POR 1.59,(blank),(blank),ANT,(blank)
STEELHEAD,3DD.003C06A7FD,6/7/18,7/6/18,8:43:55,POR 1.59,(blank),(blank),ANT,(blank)
STEELHEAD,3DD.003C06A7FD,6/7/18,7/6/18,12:14:08,POR 1.59,(blank),(blank),ANT,(blank)
STEELHEAD,3DD.003C06A7FD,6/7/18,7/6/18,12:50:40,POR 1.59,(blank),(blank),ANT,(blank)
STEELHEAD,3DD.003C06A7FD,6/7/18,7/6/18,14:28:06,POR 1.59,(blank),(blank),ANT,(blank)
STEELHEAD,3DD.003C06A7FD,6/7/18,7/6/18,15:27:07,POR 1.59,(blank),(blank),ANT,(blank)
STEELHEAD,3DD.003C06A7FD,6/7/18,7/6/18,16:09:34,POR 1.59,(blank),(blank),ANT,(blank)
STEELHEAD,3DD.003C06A7FD,6/7/18,7/6/18,17:07:15,POR 1.59,(blank),(blank),ANT,(blank)
STEELHEAD,3DD.003C06A7FD,6/7/18,7/6/18,17:58:59,POR 1.59,(blank),(blank),ANT,(blank)
STEELHEAD,3DD.003C06A7FD,6/7/18,7/6/18,19:35:49,POR 1.59,(blank),(blank),ANT,(blank)
STEELHEAD,3DD.003C06A7FD,6/7/18,7/6/18,20:22:01,POR 1.59,(blank),(blank),ANT,(blank)
STEELHEAD,3DD.003C06A7FD,6/7/18,7/6/18,20:58:56,POR 1.59,(blank),(blank),ANT,(blank)
STEELHEAD,3DD.003C06A7FD,6/7/18,7/6/18,22:43:43,POR 1.59,(blank),(blank),ANT,(blank)
STEELHEAD,3DD.003C06A7FD,6/7/18,7/6/18,23:42:11,POR 1.59,(blank),(blank),ANT,(blank)
STEELHEAD,3DD.003C06A7FD,6/7/18,7/7/18,0:50:32,POR 1.59,(blank),(blank),ANT,(blank)
STEELHEAD,3DD.003C06A7FD,6/7/18,7/7/18,4:54:16,POR 1.59,(blank),(blank),ANT,(blank)
STEELHEAD,3DD.003C06A7FD,6/7/18,7/7/18,5:41:07,POR 1.59,(blank),(blank),ANT,(blank)
STEELHEAD,3DD.003C06A7FD,6/7/18,7/7/18,7:26:29,POR 1.59,(blank),(blank),ANT,(blank)
STEELHEAD,3DD.003C06A7FD,6/7/18,7/7/18,8:19:46,POR 1.59,(blank),(blank),ANT,(blank)
STEELHEAD,3DD.003C06A7FD,6/7/18,7/7/18,8:58:10,POR 1.59,(blank),(blank),ANT,(blank)
STEELHEAD,3DD.003C06A7FD,6/7/18,7/7/18,10:59:58,POR 1.59,(blank),(blank),ANT,(blank)
STEELHEAD,3DD.003C06A7FD,6/7/18,7/7/18,12:44:23,POR 1.59,(blank),(blank),ANT,(blank)
STEELHEAD,3DD.003C06A7FD,6/7/18,7/7/18,15:14:51,POR 1.59,(blank),(blank),ANT,(blank)
STEELHEAD,3DD.003C06A7FD,6/7/18,7/7/18,20:22:29,POR 1.59,(blank),(blank),ANT,(blank)
STEELHEAD,3DD.003C06A7FD,6/7/18,7/7/18,21:00:16,POR 1.59,(blank),(blank),ANT,(blank)
STEELHEAD,3DD.003C06A7FD,6/7/18,7/8/18,6:38:23,POR 1.59,(blank),(blank),ANT,(blank)
STEELHEAD,3DD.003C06A7FD,6/7/18,7/8/18,10:18:21,POR 1.59,(blank),(blank),ANT,(blank)
STEELHEAD,3DD.003C06A7FD,6/7/18,7/8/18,10:48:21,POR 1.59,(blank),(blank),ANT,(blank)
STEELHEAD,3DD.003C06A7FD,6/7/18,7/8/18,11:18:21,POR 1.59,(blank),(blank),ANT,(blank)
STEELHEAD,3DD.003C06A7FD,6/7/18,7/8/18,12:04:18,POR 1.59,(blank),(blank),ANT,(blank)
STEELHEAD,3DD.003C06A7FD,6/7/18,7/8/18,13:51:47,POR 1.59,(blank),(blank),ANT,(blank)
STEELHEAD,3DD.003C06A7FD,6/7/18,7/8/18,14:23:09,POR 1.59,(blank),(blank),ANT,(blank)
STEELHEAD,3DD.003C06A7FD,6/7/18,7/8/18,15:00:30,POR 1.59,(blank),(blank),ANT,(blank)
STEELHEAD,3DD.003C06A7FD,6/7/18,7/8/18,15:37:33,POR 1.59,(blank),(blank),ANT,(blank)
STEELHEAD,3DD.003C06A7FD,6/7/18,7/8/18,16:57:06,POR 1.59,(blank),(blank),ANT,(blank)
STEELHEAD,3DD.003C06A7FD,6/7/18,7/8/18,18:04:32,POR 1.59,(blank),(blank),ANT,(blank)
STEELHEAD,3DD.003C06A7FD,6/7/18,7/8/18,20:46:39,POR 1.59,(blank),(blank),ANT,(blank)
STEELHEAD,3DD.003C06A7FD,6/7/18,7/9/18,1:22:24,POR 1.59,(blank),(blank),ANT,(blank)
STEELHEAD,3DD.003C06A7FD,6/7/18,7/9/18,2:22:30,POR 1.59,(blank),(blank),ANT,(blank)
STEELHEAD,3DD.003C06A7FD,6/7/18,7/9/18,3:31:10,POR 1.59,(blank),(blank),ANT,(blank)
STEELHEAD,3DD.003C06A7FD,6/7/18,7/9/18,4:21:18,POR 1.59,(blank),(blank),ANT,(blank)
STEELHEAD,3DD.003C06A7FD,6/7/18,7/9/18,5:06:18,POR 1.59,(blank),(blank),ANT,(blank)
STEELHEAD,3DD.003C06A7FD,6/7/18,7/9/18,5:41:42,POR 1.59,(blank),(blank),ANT,(blank)
STEELHEAD,3DD.003C06A7FD,6/7/18,7/9/18,7:17:23,POR 1.59,(blank),(blank),ANT,(blank)
STEELHEAD,3DD.003C06A7FD,6/7/18,7/9/18,15:37:25,POR 1.59,(blank),(blank),ANT,(blank)
STEELHEAD,3DD.003C06A7FD,6/7/18,7/9/18,16:26:22,POR 1.59,(blank),(blank),ANT,(blank)
STEELHEAD,3DD.003C06A7FD,6/7/18,7/9/18,16:58:00,POR 1.59,(blank),(blank),ANT,(blank)
STEELHEAD,3DD.003C06A7FD,6/7/18,7/9/18,17:51:40,POR 1.59,(blank),(blank),ANT,(blank)
STEELHEAD,3DD.003C06A7FD,6/7/18,7/9/18,21:06:31,POR 1.59,(blank),(blank),ANT,(blank)
STEELHEAD,3DD.003C06A7FD,6/7/18,7/9/18,23:05:21,POR 1.59,(blank),(blank),ANT,(blank)
STEELHEAD,3DD.003C06A7FD,6/7/18,7/10/18,0:03:12,POR 1.59,(blank),(blank),ANT,(blank)
STEELHEAD,3DD.003C06A7FD,6/7/18,7/10/18,3:43:42,POR 1.59,(blank),(blank),ANT,(blank)
STEELHEAD,3DD.003C06A7FD,6/7/18,7/10/18,4:52:15,POR 1.59,(blank),(blank),ANT,(blank)
STEELHEAD,3DD.003C06A7FD,6/7/18,7/10/18,6:17:18,POR 1.59,(blank),(blank),ANT,(blank)
STEELHEAD,3DD.003C06A7FD,6/7/18,7/10/18,7:04:12,POR 1.59,(blank),(blank),ANT,(blank)
STEELHEAD,3DD.003C06A7FD,6/7/18,7/10/18,7:46:47,POR 1.59,(blank),(blank),ANT,(blank)
STEELHEAD,3DD.003C06A7FD,6/7/18,7/10/18,9:42:19,POR 1.59,(blank),(blank),ANT,(blank)
STEELHEAD,3DD.003C06A7FD,6/7/18,7/10/18,13:54:01,POR 1.59,(blank),(blank),ANT,(blank)
STEELHEAD,3DD.003C06A7FD,6/7/18,7/10/18,14:40:50,POR 1.59,(blank),(blank),ANT,(blank)
STEELHEAD,3DD.003C06A7FD,6/7/18,7/10/18,16:21:47,POR 1.59,(blank),(blank),ANT,(blank)
STEELHEAD,3DD.003C06A7FD,6/7/18,7/10/18,20:22:27,POR 1.59,(blank),(blank),ANT,(blank)
STEELHEAD,3DD.003C06A7FD,6/7/18,7/11/18,0:56:26,POR 1.59,(blank),(blank),ANT,(blank)
STEELHEAD,3DD.003C06A7FD,6/7/18,7/11/18,5:48:27,POR 1.59,(blank),(blank),ANT,(blank)
STEELHEAD,3DD.003C06A7FD,6/7/18,7/11/18,6:25:48,POR 1.59,(blank),(blank),ANT,(blank)
STEELHEAD,3DD.003C06A7FD,6/7/18,7/11/18,9:05:38,POR 1.59,(blank),(blank),ANT,(blank)
STEELHEAD,3DD.003C06A7FD,6/7/18,7/11/18,10:30:55,POR 1.59,(blank),(blank),ANT,(blank)
STEELHEAD,3DD.003C06A7FD,6/7/18,7/11/18,11:37:11,POR 1.59,(blank),(blank),ANT,(blank)
STEELHEAD,3DD.003C06A7FD,6/7/18,7/11/18,12:24:07,POR 1.59,(blank),(blank),ANT,(blank)
STEELHEAD,3DD.003C06A7FD,6/7/18,7/11/18,12:58:44,POR 1.59,(blank),(blank),ANT,(blank)
STEELHEAD,3DD.003C06A7FD,6/7/18,7/11/18,13:48:31,POR 1.59,(blank),(blank),ANT,(blank)
STEELHEAD,3DD.003C06A7FD,6/7/18,7/11/18,14:19:54,POR 1.59,(blank),(blank),ANT,(blank)
STEELHEAD,3DD.003C06A7FD,6/7/18,7/11/18,15:27:58,POR 1.59,(blank),(blank),ANT,(blank)
STEELHEAD,3DD.003C06A7FD,6/7/18,7/11/18,15:57:58,POR 1.59,(blank),(blank),ANT,(blank)
STEELHEAD,3DD.003C06A7FD,6/7/18,7/11/18,16:27:58,POR 1.59,(blank),(blank),ANT,(blank)
STEELHEAD,3DD.003C06A7FD,6/7/18,7/11/18,20:13:18,POR 1.59,(blank),(blank),ANT,(blank)
STEELHEAD,3DD.003C06A7FD,6/7/18,7/12/18,0:58:29,POR 1.59,(blank),(blank),ANT,(blank)
STEELHEAD,3DD.003C06A7FD,6/7/18,7/12/18,1:45:46,POR 1.59,(blank),(blank),ANT,(blank)
STEELHEAD,3DD.003C06A7FD,6/7/18,7/12/18,5:12:32,POR 1.59,(blank),(blank),ANT,(blank)
STEELHEAD,3DD.003C06A7FD,6/7/18,7/12/18,5:46:44,POR 1.59,(blank),(blank),ANT,(blank)
STEELHEAD,3DD.003C06A7FD,6/7/18,7/12/18,8:25:27,POR 1.59,(blank),(blank),ANT,(blank)
STEELHEAD,3DD.003C06A7FD,6/7/18,7/12/18,9:03:22,POR 1.59,(blank),(blank),ANT,(blank)
STEELHEAD,3DD.003C06A7FD,6/7/18,7/12/18,10:10:11,POR 1.59,(blank),(blank),ANT,(blank)
STEELHEAD,3DD.003C06A7FD,6/7/18,7/12/18,12:49:19,POR 1.59,(blank),(blank),ANT,(blank)
STEELHEAD,3DD.003C06A7FD,6/7/18,7/12/18,15:42:50,POR 1.59,(blank),(blank),ANT,(blank)
STEELHEAD,3DD.003C06A7FD,6/7/18,7/12/18,16:40:27,POR 1.59,(blank),(blank),ANT,(blank)
STEELHEAD,3DD.003C06A7FD,6/7/18,7/12/18,17:32:22,POR 1.59,(blank),(blank),ANT,(blank)
STEELHEAD,3DD.003C06A7FD,6/7/18,7/12/18,20:42:11,POR 1.59,(blank),(blank),ANT,(blank)
STEELHEAD,3DD.003C06A7FD,6/7/18,7/13/18,5:18:32,POR 1.59,(blank),(blank),ANT,(blank)
STEELHEAD,3DD.003C06A7FD,6/7/18,7/13/18,8:55:30,POR 1.59,(blank),(blank),ANT,(blank)
STEELHEAD,3DD.003C06A7FD,6/7/18,7/13/18,10:06:29,POR 1.59,(blank),(blank),ANT,(blank)
STEELHEAD,3DD.003C06A7FD,6/7/18,7/13/18,12:42:57,POR 1.59,(blank),(blank),ANT,(blank)
STEELHEAD,3DD.003C06A7FD,6/7/18,7/13/18,14:35:37,POR 1.59,(blank),(blank),ANT,(blank)
STEELHEAD,3DD.003C06A7FD,6/7/18,7/13/18,15:05:37,POR 1.59,(blank),(blank),ANT,(blank)
STEELHEAD,3DD.003C06A7FD,6/7/18,7/13/18,15:53:56,POR 1.59,(blank),(blank),ANT,(blank)
STEELHEAD,3DD.003C06A7FD,6/7/18,7/13/18,16:30:20,POR 1.59,(blank),(blank),ANT,(blank)
STEELHEAD,3DD.003C06A7FD,6/7/18,7/13/18,17:35:59,POR 1.59,(blank),(blank),ANT,(blank)
STEELHEAD,3DD.003C06A7FD,6/7/18,7/13/18,18:22:31,POR 1.59,(blank),(blank),ANT,(blank)
STEELHEAD,3DD.003C06A7FD,6/7/18,7/13/18,19:33:28,POR 1.59,(blank),(blank),ANT,(blank)
STEELHEAD,3DD.003C06A7FD,6/7/18,7/13/18,20:34:24,POR 1.59,(blank),(blank),ANT,(blank)
STEELHEAD,3DD.003C06A7FD,6/7/18,7/14/18,6:37:47,POR 1.59,(blank),(blank),ANT,(blank)
STEELHEAD,3DD.003C06A7FD,6/7/18,7/14/18,10:08:43,POR 1.59,(blank),(blank),ANT,(blank)
STEELHEAD,3DD.003C06A7FD,6/7/18,7/14/18,10:53:08,POR 1.59,(blank),(blank),ANT,(blank)
STEELHEAD,3DD.003C06A7FD,6/7/18,7/14/18,12:33:19,POR 1.59,(blank),(blank),ANT,(blank)
STEELHEAD,3DD.003C06A7FD,6/7/18,7/14/18,14:04:47,POR 1.59,(blank),(blank),ANT,(blank)
STEELHEAD,3DD.003C06A7FD,6/7/18,7/14/18,22:58:36,POR 1.59,(blank),(blank),ANT,(blank)
STEELHEAD,3DD.003C06A7FD,6/7/18,7/14/18,23:36:08,POR 1.59,(blank),(blank),ANT,(blank)
STEELHEAD,3DD.003C06A7FD,6/7/18,7/15/18,1:18:58,POR 1.59,(blank),(blank),ANT,(blank)
STEELHEAD,3DD.003C06A7FD,6/7/18,7/15/18,13:30:07,POR 1.59,(blank),(blank),ANT,(blank)
STEELHEAD,3DD.003C06A7FD,6/7/18,7/15/18,16:07:51,POR 1.59,(blank),(blank),ANT,(blank)
STEELHEAD,3DD.003C06A7FD,6/7/18,7/15/18,17:53:33,POR 1.59,(blank),(blank),ANT,(blank)
STEELHEAD,3DD.003C06A7FD,6/7/18,7/15/18,19:05:22,POR 1.59,(blank),(blank),ANT,(blank)
STEELHEAD,3DD.003C06A7FD,6/7/18,7/16/18,6:36:42,POR 1.59,(blank),(blank),ANT,(blank)
STEELHEAD,3DD.003C06A7FD,6/7/18,7/16/18,8:22:07,POR 1.59,(blank),(blank),ANT,(blank)
STEELHEAD,3DD.003C06A7FD,6/7/18,7/16/18,13:49:19,POR 1.59,(blank),(blank),ANT,(blank)
STEELHEAD,3DD.003C06A7FD,6/7/18,7/16/18,15:16:41,POR 1.59,(blank),(blank),ANT,(blank)
STEELHEAD,3DD.003C06A7FD,6/7/18,7/16/18,15:53:02,POR 1.59,(blank),(blank),ANT,(blank)
STEELHEAD,3DD.003C06A7FD,6/7/18,7/16/18,16:23:02,POR 1.59,(blank),(blank),ANT,(blank)
STEELHEAD,3DD.003C06A7FD,6/7/18,7/16/18,16:55:58,POR 1.59,(blank),(blank),ANT,(blank)
STEELHEAD,3DD.003C06A7FD,6/7/18,7/16/18,17:25:58,POR 1.59,(blank),(blank),ANT,(blank)
STEELHEAD,3DD.003C06A7FD,6/7/18,7/17/18,7:32:57,POR 1.59,(blank),(blank),ANT,(blank)
STEELHEAD,3DD.003C06A7FD,6/7/18,7/17/18,8:14:39,POR 1.59,(blank),(blank),ANT,(blank)
STEELHEAD,3DD.003C06A7FD,6/7/18,7/17/18,12:28:48,POR 1,-9999,18.6,EF,(blank)
STEELHEAD,3DD.003C06A7FD,6/7/18,7/17/18,19:48:00,POR 1.59,(blank),(blank),ANT,(blank)
STEELHEAD,3DD.003C06A7FD,6/7/18,7/18/18,5:46:31,POR 1.59,(blank),(blank),ANT,(blank)
STEELHEAD,3DD.003C06A7FD,6/7/18,7/18/18,6:19:18,POR 1.59,(blank),(blank),ANT,(blank)
STEELHEAD,3DD.003C06A7FD,6/7/18,7/19/18,5:47:02,POR 1.59,(blank),(blank),ANT,(blank)
STEELHEAD,3DD.003C06A7FD,6/7/18,7/19/18,6:17:22,POR 1.59,(blank),(blank),ANT,(blank)
STEELHEAD,3DD.003C06A7FD,6/7/18,7/19/18,6:51:16,POR 1.59,(blank),(blank),ANT,(blank)
STEELHEAD,3DD.003C06A7FD,6/7/18,7/19/18,7:44:13,POR 1.59,(blank),(blank),ANT,(blank)
STEELHEAD,3DD.003C06A7FD,6/7/18,7/19/18,11:53:39,POR 1.59,(blank),(blank),ANT,(blank)
STEELHEAD,3DD.003C06A7FD,6/7/18,7/19/18,12:42:26,POR 1.59,(blank),(blank),ANT,(blank)
STEELHEAD,3DD.003C06A7FD,6/7/18,7/19/18,13:41:11,POR 1.59,(blank),(blank),ANT,(blank)
STEELHEAD,3DD.003C06A7FD,6/7/18,7/19/18,16:28:07,POR 1.59,(blank),(blank),ANT,(blank)
STEELHEAD,3DD.003C06A7FD,6/7/18,7/19/18,16:58:07,POR 1.59,(blank),(blank),ANT,(blank)
STEELHEAD,3DD.003C06A7FD,6/7/18,7/19/18,18:01:59,POR 1.59,(blank),(blank),ANT,(blank)
STEELHEAD,3DD.003C06A7FD,6/7/18,7/27/18,5:12:20,POR 1.59,(blank),(blank),ANT,(blank)
STEELHEAD,3DD.003C06A7FD,6/7/18,7/27/18,20:21:53,POR 1.59,(blank),(blank),ANT,(blank)
STEELHEAD,3DD.003C06A7FD,6/7/18,8/10/18,19:42:45,POR 1.59,(blank),(blank),ANT,(blank)
STEELHEAD,3DD.003C06A7FD,6/7/18,8/10/18,20:11:36,POR 1.56,(blank),(blank),ANT,(blank)
STEELHEAD,3DD.003C06A7FD,6/7/18,7/28/18,5:43:49,POR 1.59,(blank),(blank),ANT,(blank)
STEELHEAD,3DD.003C06A7FD,6/7/18,7/28/18,20:28:39,POR 1.59,(blank),(blank),ANT,(blank)
STEELHEAD,3DD.003C06A7FD,6/7/18,7/29/18,5:49:05,POR 1.59,(blank),(blank),ANT,(blank)
STEELHEAD,3DD.003C06A7FD,6/7/18,7/24/18,5:41:06,POR 1.59,(blank),(blank),ANT,(blank)
STEELHEAD,3DD.003C06A7FD,6/7/18,7/24/18,15:53:56,POR 1.59,(blank),(blank),ANT,(blank)
STEELHEAD,3DD.003C06A7FD,6/7/18,7/24/18,17:06:02,POR 1.59,(blank),(blank),ANT,(blank)
STEELHEAD,3DD.003C06A7FD,6/7/18,7/24/18,17:36:02,POR 1.59,(blank),(blank),ANT,(blank)
STEELHEAD,3DD.003C06A7FD,6/7/18,7/24/18,18:06:03,POR 1.59,(blank),(blank),ANT,(blank)
STEELHEAD,3DD.003C06A7FD,6/7/18,7/24/18,18:36:03,POR 1.59,(blank),(blank),ANT,(blank)
STEELHEAD,3DD.003C06A7FD,6/7/18,7/24/18,19:53:21,POR 1.59,(blank),(blank),ANT,(blank)
STEELHEAD,3DD.003C06A7FD,6/7/18,7/25/18,5:09:22,POR 1.59,(blank),(blank),ANT,(blank)
STEELHEAD,3DD.003C06A7FD,6/7/18,7/25/18,20:41:52,POR 1.59,(blank),(blank),ANT,(blank)
STEELHEAD,3DD.003C06A7FD,6/7/18,7/26/18,5:26:20,POR 1.59,(blank),(blank),ANT,(blank)
STEELHEAD,3DD.003C06A7FD,6/7/18,7/26/18,20:30:29,POR 1.59,(blank),(blank),ANT,(blank)
STEELHEAD,3DD.003C06A7FD,6/7/18,7/23/18,5:39:57,POR 1.59,(blank),(blank),ANT,(blank)
STEELHEAD,3DD.003C06A7FD,6/7/18,7/23/18,16:14:25,POR 1.59,(blank),(blank),ANT,(blank)
STEELHEAD,3DD.003C06A7FD,6/7/18,7/23/18,20:06:53,POR 1.59,(blank),(blank),ANT,(blank)
STEELHEAD,3DD.003C06A7FD,6/7/18,7/21/18,5:48:20,POR 1.59,(blank),(blank),ANT,(blank)
STEELHEAD,3DD.003C06A7FD,6/7/18,7/21/18,12:32:23,POR 1.59,(blank),(blank),ANT,(blank)
STEELHEAD,3DD.003C06A7FD,6/7/18,7/21/18,13:46:23,POR 1.59,(blank),(blank),ANT,(blank)
STEELHEAD,3DD.003C06A7FD,6/7/18,7/21/18,15:15:18,POR 1.59,(blank),(blank),ANT,(blank)
STEELHEAD,3DD.003C06A7FD,6/7/18,7/21/18,19:43:05,POR 1.59,(blank),(blank),ANT,(blank)
STEELHEAD,3DD.003C06A7FD,6/7/18,7/22/18,5:40:26,POR 1.59,(blank),(blank),ANT,(blank)
STEELHEAD,3DD.003C06A7FD,6/7/18,7/22/18,15:09:09,POR 1.59,(blank),(blank),ANT,(blank)
STEELHEAD,3DD.003C06A7FD,6/7/18,7/22/18,17:33:38,POR 1.59,(blank),(blank),ANT,(blank)
STEELHEAD,3DD.003C06A7FD,6/7/18,7/20/18,5:51:38,POR 1.59,(blank),(blank),ANT,(blank)
STEELHEAD,3DD.003C06A7FD,6/7/18,7/20/18,13:40:43,POR 1.59,(blank),(blank),ANT,(blank)
STEELHEAD,3DD.003C06A7FD,6/7/18,7/20/18,15:20:21,POR 1.59,(blank),(blank),ANT,(blank)
STEELHEAD,3DD.003C06A7FD,6/7/18,7/20/18,19:45:12,POR 1.59,(blank),(blank),ANT,(blank)
STEELHEAD,3DD.003C06A7FE,6/4/18,6/4/18,16:34:56,POR 2,-9999,2.0,EF,169
STEELHEAD,3DD.003C06A7FF,6/4/18,6/4/18,16:23:12,POR 2,-9999,18.1,EF,164
STEELHEAD,3dd.003c06a800,6/4/18,6/4/18,14:33:14,POR 2,-9999,18.2,EF,156
STEELHEAD,3dd.003c06a800,6/4/18,7/16/18,14:36:20,POR 2,-9999,18.2,EF,(blank)
STEELHEAD,3DD.003C06A801,6/6/18,6/6/18,12:52:51,POR 1,-9999,18.7,EF,219
STEELHEAD,3DD.003C06A801,6/6/18,6/7/18,21:06:23,POR 1.56,(blank),(blank),ANT,(blank)
STEELHEAD,3DD.003C06A801,6/6/18,6/7/18,22:04:21,POR 1.56,(blank),(blank),ANT,(blank)
STEELHEAD,3DD.003C06A801,6/6/18,6/8/18,12:02:00,POR 1.56,(blank),(blank),ANT,(blank)
STEELHEAD,3DD.003C06A801,6/6/18,6/8/18,16:02:12,POR 1.56,(blank),(blank),ANT,(blank)
STEELHEAD,3DD.003C06A801,6/6/18,6/8/18,21:01:01,POR 1.56,(blank),(blank),ANT,(blank)
STEELHEAD,3DD.003C06A801,6/6/18,6/8/18,21:51:24,POR 1.56,(blank),(blank),ANT,(blank)
STEELHEAD,3DD.003C06A801,6/6/18,6/8/18,22:24:21,POR 1.56,(blank),(blank),ANT,(blank)
STEELHEAD,3DD.003C06A801,6/6/18,6/9/18,2:31:11,POR 1.56,(blank),(blank),ANT,(blank)
STEELHEAD,3DD.003C06A801,6/6/18,6/9/18,4:47:48,POR 1.56,(blank),(blank),ANT,(blank)
STEELHEAD,3DD.003C06A801,6/6/18,6/9/18,5:38:54,POR 1.59,(blank),(blank),ANT,(blank)
STEELHEAD,3DD.003C06A801,6/6/18,8/18/18,15:40:59,POR 1.56,(blank),(blank),ANT,(blank)
STEELHEAD,3DD.003C06A801,6/6/18,8/18/18,15:51:39,POR 1.55,(blank),(blank),ANT,(blank)
STEELHEAD,3DD.003C06A801,6/6/18,8/17/18,8:37:04,POR 1.59,(blank),(blank),ANT,(blank)
STEELHEAD,3dd.003c06a803,6/4/18,6/4/18,12:28:53,POR 2,-9999,18.3,EF,132
STEELHEAD,3dd.003c06a803,6/4/18,7/16/18,14:28:44,POR 2,-9999,18.3,EF,(blank)
STEELHEAD,3DD.003C06A804,6/4/18,6/4/18,16:27:05,POR 2,-9999,18.1,EF,166
STEELHEAD,3DD.003C06A807,6/4/18,6/4/18,14:14:47,POR 2,-9999,18.2,EF,145
STEELHEAD,3dd.003c06a809,6/4/18,6/4/18,12:15:07,POR 2,-9999,18.3,EF,128
STEELHEAD,3dd.003c06a809,6/4/18,7/16/18,14:22:55,POR 2,-9999,18.3,EF,(blank)
STEELHEAD,3DD.003C06A80A,6/4/18,6/4/18,15:04:21,POR 2,-9999,18.2,EF,160
STEELHEAD,3DD.003C06A80C,6/6/18,6/6/18,12:19:33,POR 1,-9999,18.7,EF,214. POOP F4
STEELHEAD,3DD.003C06A80C,6/6/18,6/6/18,20:47:54,POR 1.56,(blank),(blank),ANT,(blank)
STEELHEAD,3DD.003C06A80C,6/6/18,6/6/18,21:29:22,POR 1.56,(blank),(blank),ANT,(blank)
STEELHEAD,3DD.003C06A80C,6/6/18,6/6/18,22:25:54,POR 1.56,(blank),(blank),ANT,(blank)
STEELHEAD,3DD.003C06A80C,6/6/18,6/6/18,22:57:07,POR 1.56,(blank),(blank),ANT,(blank)
STEELHEAD,3DD.003C06A80C,6/6/18,6/7/18,0:15:29,POR 1.56,(blank),(blank),ANT,(blank)
STEELHEAD,3DD.003C06A80C,6/6/18,6/7/18,0:31:19,POR 1.59,(blank),(blank),ANT,(blank)
STEELHEAD,3DD.003C06A80C,6/6/18,6/7/18,1:14:32,POR 1.59,(blank),(blank),ANT,(blank)
STEELHEAD,3DD.003C06A80C,6/6/18,6/7/18,1:28:47,POR 1.56,(blank),(blank),ANT,(blank)
STEELHEAD,3DD.003C06A80C,6/6/18,6/7/18,1:41:02,POR 1.55,(blank),(blank),ANT,(blank)
STEELHEAD,3DD.003C06A80C,6/6/18,6/7/18,2:51:12,POR 1.22,(blank),(blank),ANT,(blank)
STEELHEAD,3DD.003C06A80D,6/7/18,6/7/18,10:52:35,POR 1,POOL,18.6000003814697,EF,326 G7
STEELHEAD,3DD.003C06A80D,6/7/18,7/17/18,12:34:01,POR 1,-9999,18.6,EF,(blank)
STEELHEAD,3DD.003C06A80D,6/7/18,7/17/18,23:06:27,POR 1.59,(blank),(blank),ANT,(blank)
STEELHEAD,3DD.003C06A80D,6/7/18,8/10/18,9:49:37,POR 1.59,(blank),(blank),ANT,(blank)
STEELHEAD,3DD.003C06A80D,6/7/18,8/10/18,15:31:32,POR 1.59,(blank),(blank),ANT,(blank)
STEELHEAD,3DD.003C06A80D,6/7/18,8/10/18,20:11:23,POR 1.56,(blank),(blank),ANT,(blank)
STEELHEAD,3dd.003c06a80e,6/4/18,6/4/18,14:31:24,POR 2,-9999,18.2,EF,155
STEELHEAD,3dd.003c06a80e,6/4/18,7/16/18,14:45:34,POR 2,-9999,18.2,EF,(blank)
STEELHEAD,3DD.003C06A80F,6/4/18,6/4/18,12:09:40,POR 2,-9999,18.3,EF,126
STEELHEAD,3dd.003c06a810,6/4/18,6/4/18,12:34:14,POR 2,-9999,18.2999992370605,EF,136
STEELHEAD,3dd.003c06a810,6/4/18,7/16/18,14:24:08,POR 2,-9999,18.2999992370605,EF,(blank)
STEELHEAD,3DD.003C06A811,6/4/18,6/4/18,16:35:30,POR 2,-9999,2.0,EF,170
STEELHEAD,3DD.003C06A814,6/4/18,6/4/18,10:02:58,POR 2,-9999,18.4,EF,114 E1 POOP
STEELHEAD,3DD.003C06A814,6/4/18,7/16/18,14:09:39,POR 2,-9999,18.4,EF,(blank)
STEELHEAD,3DD.003C06A815,6/4/18,6/4/18,10:39:40,POR 2,-9999,18.3999996185303,EF,120
STEELHEAD,3DD.003C06A816,6/7/18,6/7/18,9:20:28,POR 1,POOL,18.6000003814697,EF,305 POOPG1
STEELHEAD,3DD.003C06A816,6/7/18,7/17/18,12:44:19,POR 1,-9999,18.6,EF,(blank)
STEELHEAD,3DD.003C06A817,6/4/18,6/4/18,11:09:39,POR 2,-9999,18.4,EF,123
STEELHEAD,3DD.003C06A819,6/4/18,6/4/18,11:14:19,POR 2,-9999,18.3999996185303,EF,124
STEELHEAD,3DD.003C06A81A,6/4/18,6/4/18,10:44:07,POR 2,-9999,18.3999996185303,EF,121 E4 POOP
STEELHEAD,3DD.003C06A81B,6/4/18,6/4/18,12:37:08,POR 2,-9999,18.3,EF,138
STEELHEAD,3DD.003C06A81C,6/7/18,6/7/18,11:18:07,POR 1,POOL,18.6,EF,329
STEELHEAD,3DD.003C06A81C,6/7/18,6/7/18,20:35:03,POR 1.56,(blank),(blank),ANT,(blank)
STEELHEAD,3DD.003C06A81C,6/7/18,6/7/18,20:40:51,POR 1.55,(blank),(blank),ANT,(blank)
STEELHEAD,3DD.003C06A81C,6/7/18,6/7/18,21:56:39,POR 1.22,(blank),(blank),ANT,(blank)
STEELHEAD,3DD.003C06A81D,6/6/18,6/6/18,9:53:00,POR 1,-9999,18.8,EF,189
STEELHEAD,3DD.003C06A81E,6/4/18,6/4/18,14:22:44,POR 2,-9999,18.2,EF,150
STEELHEAD,3DD.003C06A81F,6/4/18,6/4/18,12:26:12,POR 2,-9999,18.3,EF,131
STEELHEAD,3DD.003C06A81F,6/4/18,6/9/18,11:47:20,POR 1.59,(blank),(blank),ANT,(blank)
STEELHEAD,3DD.003C06A81F,6/4/18,6/9/18,12:11:14,POR 1.56,(blank),(blank),ANT,(blank)
STEELHEAD,3DD.003C06A81F,6/4/18,6/9/18,12:19:03,POR 1.55,(blank),(blank),ANT,(blank)
STEELHEAD,3DD.003C06A81F,6/4/18,6/9/18,20:56:39,POR 1.22,(blank),(blank),ANT,(blank)
STEELHEAD,3DD.003C06A81F,6/4/18,6/10/18,9:54:50,POR 1.73,(blank),(blank),ANT,(blank)
STEELHEAD,3DD.003C06A820,6/4/18,6/4/18,10:08:07,POR 2,-9999,18.4,EF,116 E3 POOP
STEELHEAD,3DD.003C06A821,6/4/18,6/4/18,10:01:56,POR 2,-9999,18.3999996185303,EF,113
STEELHEAD,3DD.003C06A821,6/4/18,7/16/18,14:10:54,POR 2,-9999,18.3999996185303,EF,(blank)
STEELHEAD,3dd.003c06a822,6/4/18,6/4/18,14:21:49,POR 2,-9999,18.2,EF,149
STEELHEAD,3dd.003c06a822,6/4/18,7/16/18,14:48:57,POR 2,-9999,18.2,EF,(blank)
STEELHEAD,3DD.003C06A823,6/4/18,6/4/18,17:17:05,POR 2,-9999,18.1,EF,175
STEELHEAD,3dd.003c06a824,6/4/18,6/4/18,14:26:59,POR 2,-9999,18.2,EF,153
STEELHEAD,3dd.003c06a824,6/4/18,7/16/18,14:35:58,POR 2,-9999,18.2,EF,(blank)
STEELHEAD,3DD.003C06A826,6/4/18,6/4/18,10:05:25,POR 2,-9999,18.4,EF,115 E2 POOP
STEELHEAD,3DD.003C06A827,6/4/18,6/4/18,13:15:15,POR 2,-9999,18.3,EF,142
,,,,,,,,,
,,,,,,,,,
,,,,,,,,,
,,,,,,,,,
,,,,,,,,,